Gonzalez,Lori,Exhibition designer,lori.gonza@singh.net,(649)466-5944x3646
Brown,Natasha,Automotive engineer,natas.brown@contreras.com,(815)421-0430
Hayes,Stephanie,"Scientist, forensic",steph.hayes@miller.biz,001-545-414-0342x32828
Fisher,Dorothy,Optometrist,dorot.fishe@johnson-reyes.com,+1-836-751-6902x946
Carson,Ronald,Race relations officer,ronal.carso@keller.info,001-612-383-3642x3951
Fisher,Eric,Data processing manager,eric.fishe@butler.com,001-610-356-1792
Mcfarland,Laura,"Editor, film/video",laura.mcfar@landry-smith.com,3452382917
Velazquez,Sara,"Producer, radio",sara.velaz@phillips.net,841-312-6596x7353
Wilson,Michael,Wellsite geologist,micha.wilso@duncan.com,220-630-0505x2281
Lewis,Amy,Travel agency manager,amy.lewis@smith.biz,695.291.9187x5677
Peterson,Roy,"Investment banker, operational",roy.peter@long-daniel.com,453.518.9597x143
Chavez,Andrew,Television production assistant,andre.chave@young-silva.org,+1-227-984-5364x619
Dodson,Kenneth,"Geologist, engineering",kenne.dodso@mills.com,503-427-5998
Hood,Jeremy,Film/video editor,jerem.hood@becker.org,(268)374-0880x68418
Chambers,Michelle,Arts administrator,miche.chamb@clayton.com,(733)695-9269
Brown,Kathryn,"Librarian, academic",kathr.brown@cook.info,206-459-0061
Carney,Paul,"Nurse, adult",paul.carne@williams.com,760.255.4236x1186
Miller,Veronica,Advice worker,veron.mille@sweeney.com,001-278-222-1699
Gomez,Kevin,Archivist,kevin.gomez@ward-hunt.com,377-374-5898
Lyons,Karl,Video editor,karl.lyons@lara.com,(684)260-7082x3485
Harris,Ryan,"Accountant, chartered certified",ryan.harri@smith.org,331.592.8708
Banks,Jeffrey,Corporate treasurer,jeffr.banks@myers.com,(369)290-3623x434
Vazquez,Gabriel,Farm manager,gabri.vazqu@davis.com,5018351155
Summers,Erin,Hydrologist,erin.summe@smith.com,+1-866-570-6640x0569
Thomas,Eric,Ambulance person,eric.thoma@weeks-young.com,+1-458-299-8896x7804
Warner,Danny,Bookseller,danny.warne@kramer-ford.info,+1-873-716-1939x521
Kelley,Sarah,Sports coach,sarah.kelle@davis.com,(268)523-1548
Mccarty,Nicholas,Hospital doctor,nicho.mccar@green-martinez.com,001-288-285-9531x073
Sanders,Lisa,Medical laboratory scientific officer,lisa.sande@livingston.com,001-404-842-6185x10653
Garcia,Brett,Accommodation manager,brett.garci@williams.com,+1-651-816-8284
Richardson,Kevin,Actuary,kevin.richa@adams-williamson.com,665.854.0141
Davis,Patrick,Hydrographic surveyor,patri.davis@hubbard.org,(432)244-7177
Warren,Billy,Jewellery designer,billy.warre@parsons.com,(728)798-0420x77884
Evans,Alyssa,"Teacher, special educational needs",alyss.evans@carpenter.com,001-902-691-7414x4633
Evans,Travis,"Scientist, forensic",travi.evans@perez.net,275.745.3870
Marshall,Elizabeth,"Nurse, mental health",eliza.marsh@diaz.org,712.901.8326
Miller,Ashley,Commissioning editor,ashle.mille@green-richardson.info,718.840.0998x43069
Stark,Brian,"Producer, radio",brian.stark@bowman.com,+1-795-714-4606x92461
Hendrix,Chad,Petroleum engineer,chad.hendr@white-grant.com,982-501-4566
Harris,Brian,"Scientist, clinical (histocompatibility and immunogenetics)",brian.harri@gonzales.com,(970)327-3079x658
Lewis,Rachel,Armed forces logistics/support/administrative officer,rache.lewis@coleman-wright.com,+1-663-842-9415x1768
Anderson,Brent,Primary school teacher,brent.ander@russell.com,+1-244-415-7541x108
Nelson,Brian,Retail manager,brian.nelso@patton-marsh.org,3144490453
Myers,Thomas,"Nurse, learning disability",thoma.myers@erickson.biz,(841)347-2160x96746
Beltran,Jennifer,"Engineer, automotive",jenni.beltr@banks-martin.com,345.550.4945x94085
Gonzalez,Laura,Commercial art gallery manager,laura.gonza@avila.biz,+1-303-858-4665x81648
Powell,Elaine,Corporate treasurer,elain.powel@preston-bridges.com,813.893.1469
Jackson,Mary,Sports therapist,mary.jacks@barrett.com,+1-743-911-7317x4182
Munoz,Aaron,Graphic designer,aaron.munoz@garrett.biz,(226)938-0376x02153
Vasquez,Todd,Ceramics designer,todd.vasqu@brown.com,(924)511-3511x9617
Simmons,Thomas,Volunteer coordinator,thoma.simmo@campos.info,860-725-0125
Mcguire,Cathy,Arboriculturist,cathy.mcgui@mcknight.com,(608)353-1638
Evans,Kevin,"Engineer, electronics",kevin.evans@miller.com,+1-467-339-8936x177
Gray,Benjamin,"Secretary, company",benja.gray@russell.info,(322)273-2441x77839
Stokes,Kyle,Commercial art gallery manager,kyle.stoke@greene.com,(313)772-4215x4586
Montgomery,Matthew,Quantity surveyor,matth.montg@berger.net,001-700-322-9929x03694
Walls,Connie,Games developer,conni.walls@smith.com,+1-314-866-1514x2566
Douglas,Joe,Camera operator,joe.dougl@murphy.com,(302)521-8472x709
Atkins,Sarah,"Horticulturist, amenity",sarah.atkin@wyatt-koch.com,001-318-639-8720x7640
Crane,Heather,Orthoptist,heath.crane@hogan-delgado.com,516.830.2736x407
Rios,Michelle,Corporate treasurer,miche.rios@russell-parks.net,261.347.3373x75372
Simpson,Dana,Multimedia specialist,dana.simps@thompson.com,001-898-787-7352x563
Armstrong,Brian,Holiday representative,brian.armst@richardson.com,(263)293-8345x5772
Hartman,Taylor,Music tutor,taylo.hartm@perry-mitchell.com,341.295.2582x3502
Mitchell,Christine,"Programme researcher, broadcasting/film/video",chris.mitch@adams.com,906-555-1308x275
Moore,Eric,"Scientist, clinical (histocompatibility and immunogenetics)",eric.moore@parker.com,+1-806-336-6625x563
West,Katherine,Health physicist,kathe.west@smith.com,358-473-5289
Martinez,Adrienne,Health promotion specialist,adrie.marti@kelly.com,001-262-435-0969x6153
Scott,Alan,Environmental education officer,alan.scott@savage-moran.net,2245770121
Tyler,Craig,Geochemist,craig.tyler@sanchez.com,(412)411-3060
Williamson,Gina,Tree surgeon,gina.willi@nash.com,9485097596
Campos,John,Computer games developer,john.campo@moran-morse.com,(408)600-7824x6209
Shea,Janet,Energy manager,janet.shea@lawson.com,(967)731-9343x670
Powers,Sharon,Corporate treasurer,sharo.power@contreras-wilson.com,(964)412-1296x1024
Hale,Andrea,Tourism officer,andre.hale@jackson.biz,216.263.0966x5806
Jones,Daniel,"Therapist, speech and language",danie.jones@cortez.biz,+1-287-706-1795x151
Velasquez,Denise,"Designer, graphic",denis.velas@hale-jones.info,372-275-2335
Ward,Ronald,Multimedia specialist,ronal.ward@raymond-lewis.com,+1-780-500-5881x39075
Smith,Charles,Public relations account executive,charl.smith@fernandez.com,(663)622-3446x041
Fields,Tara,Operational researcher,tara.field@beasley.com,693.830.7806
Cardenas,Jose,"Surveyor, commercial/residential",jose.carde@ward.org,(815)782-3906
Ellis,Bailey,Insurance underwriter,baile.ellis@cox-ayers.com,(440)819-6392
Lopez,Robert,Commissioning editor,rober.lopez@ruiz.info,617.252.7792
Phillips,Michael,Agricultural engineer,micha.phill@romero.com,395-567-1004x48952
Rice,Mark,Marine scientist,mark.rice@skinner.biz,7313653699
Smith,Barbara,Engineering geologist,barba.smith@owens.biz,(818)203-5311x303
Henry,Paul,Production engineer,paul.henry@johnson.com,(653)943-3202
Riddle,Kathy,Veterinary surgeon,kathy.riddl@berg-davis.net,(516)724-0126
Potts,Caitlyn,Building control surveyor,caitl.potts@powell.com,935-943-3150x64439
Lowery,Jason,Ranger/warden,jason.lower@forbes.com,+1-297-717-8102x436
Rivera,Michael,Manufacturing systems engineer,micha.river@farmer.org,+1-276-453-9123x55788
Alexander,Heather,Sports therapist,heath.alexa@anderson.biz,+1-263-946-9192
Petersen,Ryan,Event organiser,ryan.peter@rodriguez.com,513.457.7207
Anderson,Mary,"Investment banker, operational",mary.ander@king-ortiz.net,476-703-6669x0161
Brown,Megan,Production engineer,megan.brown@escobar.com,388.794.6537x489
Rice,Matthew,Licensed conveyancer,matth.rice@abbott-armstrong.com,878.862.2388x182
Marquez,Jeffrey,Television/film/video producer,jeffr.marqu@smith.com,(713)577-4257
Richardson,Jerome,"Scientist, research (physical sciences)",jerom.richa@rollins.com,001-661-623-9666x1037
Martinez,Jared,Drilling engineer,jared.marti@pena.biz,001-358-746-7213
Howard,Paige,"Engineer, land",paige.howar@schultz.com,+1-531-557-7662x900
